"","parameter","2.5%","25%","50%","75%","97.5%","mode","mean","sd"
"1","m/mu NWHI to MHI",1781.47721463939,1846.32756292391,1881.42304552494,1916.51852812598,1985.18360278017,1879.89715497707,1881.73687609223,51.9659570545031
"2","m/mu Japan to NWHI",978.095841185312,1010.1395426906,1026.92433871718,1044.4720800177,1078.04167207086,1026.92433871718,1027.47897568248,25.4928692521282
