"","parameter","2.5%","25%","50%","75%","97.5%","mode","mean","sd"
"1","4Nem NWHI to MHI",6.47622535555149,6.76921198803638,6.92791308063236,7.08661417322835,7.39791247024355,6.92180919245559,6.93009096555681,0.236696113156237
"2","4Nem Japan to NWHI",6.85466642251114,7.09271806140512,7.21479582494049,7.34297747665263,7.58713300372337,7.21479582494049,7.21755216922139,0.18678901901197
