"","parameter","2.5%","25%","50%","75%","97.5%","mode","mean","sd"
"1","theta Japan",0.00433376060550571,0.00440700726362693,0.00444363059268754,0.00447415003357139,0.00452298113898553,0.00445583836904108,0.00444016176950619,4.95158057898868e-05
"2","theta MHI",0.00494414942318257,0.00514557773301593,0.00520661661478362,0.005249343832021,0.00531648660196545,0.00522492827931392,0.00518536646378834,9.31256742955911e-05
"3","theta NWHI",0.00786180797167796,0.00795336629432949,0.00798388573521333,0.00801440517609718,0.00806934016968809,0.00799609351156687,0.00798040468713917,5.26322244941555e-05
