	Johnston_Atoll	MHI	NWHI	Japan
Johnston_Atoll		0.0307221	0.0155852	0.032038
MHI			0.012297	0.019801
NWHI				0.0125691
